{"width_n": 6, "height_n": 4, "slots": [[{"LT": [46.93, 22.090000000000003], "LB": [44.93, 241.71], "RT": [344.76, 23.090000000000003], "RB": [342.26, 243.21], "floor_z": 6009.0}, 0, 0, 0], [0, 0, 0, 0], [0, 0, 0, 0], [0, 0, 0, 0], [0, 0, 0, 0], [0, 0, 0, 0]], "slot_width": 297.7, "slot_height": 219.8, "plank_width": 19.0, "flower_height": 48.0, "units_in_mm": [-1.0, -1.0, -1.0]}